William,862
Sebastian,983
Maverick,841
Brayden,647
Adalynn,72
Nicholas,689
Natalia,608
Jameson,390
Michael,710
Valentina,217
Annabelle,383
Angelina,467
Valerie,168
Catherine,849
Leilani,109
Savannah,678
Eleanor,792
Kaitlyn,427
Patrick,961
Katelyn,593
Braxton,163
Isabella,690
Valerie,740
William,242
Adalynn,486
Isabelle,234
Santiago,852
Brayden,736
Zachary,609
Brantley,772
Madeline,583
Bradley,636
Gabrielle,389
Daniela,387
Giovanni,365
Giovanni,246
Natalia,732
Vanessa,621
Leonardo,623
Gabrielle,532
Adriana,944
Leonardo,627
Annabelle,751
Cameron,973
Cameron,301
Richard,696
Angelina,142
Maverick,436
Savannah,322
Harmony,964
Giovanni,193
Abigail,303
Jameson,692
Savannah,550
Mackenzie,934
Jackson,553
Tristan,392
Alexandra,626
Giovanni,354
Vanessa,126
Brantley,75
Grayson,694
Michael,914
Katherine,132
Leilani,790
Madeline,234
Bradley,450
Matthew,938
Arianna,813
Madison,403
Adalynn,789
Julianna,865
Maxwell,686
Natalia,918
Harmony,23
Patrick,927
Harmony,535
Natalie,107
Maverick,88
Maxwell,496
Kendall,565
Jeremiah,270
Samantha,398
Madelyn,155
Alejandro,626
Makayla,208
Christian,841
Patrick,779
Alexandra,657
Jackson,883
Valerie,559
Natalia,287
Brantley,608
Vanessa,50
Rebecca,63
Mackenzie,492
Richard,264
Nicolas,454
Richard,606
Abraham,914
Jasmine,562
Mackenzie,702
Bradley,565
Patrick,528
Abraham,843
Makayla,282
Brantley,609
Maxwell,636
Delilah,363
Harmony,880
Abraham,802
Jessica,194
Victoria,572
Gabriella,229
Giovanni,606
Margaret,961
Braxton,905
Alexandra,832
Melanie,769
Santiago,450
Harrison,708
Giovanni,278
Katherine,133
Brayden,247
Adriana,570
Valentina,194
Charles,14
Aaliyah,195
Brianna,622
Adalynn,225
Valerie,840
Victoria,347
Santiago,264
Angelina,635
Braxton,74
Liliana,471
Brayden,961
Matthew,135
Madelyn,965
Jonathan,890
Charles,659
Makayla,586
Jessica,301
Brantley,415
Leilani,45
Makayla,233
Emmanuel,670
Madeline,755
Maverick,937
Valeria,448
Caroline,991
Bradley,889
Arianna,91
Juliana,138
Santiago,621
Eleanor,726
Mackenzie,432
William,272
Brantley,238
Charles,261
Caroline,477
Caroline,872
Charles,401
Samantha,931
Nicholas,640
Leilani,630
Kendall,38
Charlotte,61
Madelyn,300
Nathaniel,750
Lillian,377
Santiago,102
Jonathan,703
Michael,191
Catherine,638
Adriana,669
Elizabeth,549
Charlotte,638
Juliana,494
Elizabeth,587
Leonardo,188
Harrison,365
Jessica,777
Maverick,904
Jasmine,324
Jonathan,655
Isabella,797
Eleanor,43
Charlotte,489
Natalia,918
Paisley,574
Eleanor,154
Zachary,173
Makayla,887
Natalia,799
Alexandra,24
Jasmine,793
Eleanor,743
Madelyn,923
Madelyn,907
Leilani,169
Elizabeth,157
Victoria,325
Jackson,733
Catherine,399
Lillian,533
Giovanni,522
Braxton,467
Valentina,167
Aaliyah,87
Bradley,719
Benjamin,327
Madison,148
Jessica,704
Abraham,538
Richard,887
Alexander,382
Emmanuel,293
Giovanni,518
Eleanor,472
Tristan,629
Jackson,490
Julianna,415
Patrick,894
Valentina,203
Harrison,442
Benjamin,823
Leilani,53
Adalynn,804
Leilani,247
Cecilia,573
Kaitlyn,316
Valentina,977
Jackson,179
Nathaniel,349
Alexander,362
Brianna,204
Juliana,169
Nicolas,163
Elizabeth,301
Adriana,290
Melanie,952
William,519
Jessica,518
Gabrielle,836
Juliana,247
Catherine,648
Makayla,641
Richard,117
Cecilia,913
Katherine,174
Christian,108
Caroline,984
Tristan,343
Eleanor,711
Katelyn,890
Katherine,680
Rebecca,13
Vanessa,810
Jessica,471
Gabriella,29
Katelyn,850
Madison,505
Caroline,514
Jeremiah,761
Maxwell,635
Abigail,197
Adriana,444
Alejandro,540
Emmanuel,609
Abraham,115
Melanie,984
Nicholas,745
Christian,483
Makayla,603
Kendall,102
Adriana,627
Bradley,449
Matthew,498
Eleanor,713
Paisley,907
Samantha,152
Benjamin,737
Valerie,555
Bradley,962
Daniela,854
Aaliyah,534
Jeremiah,251
Kaitlyn,605
Daniela,965
Melanie,778
Natalia,905
Michael,358
Eleanor,229
Adriana,900
Makayla,862
Nathaniel,794
Gabrielle,110
Valeria,973
Matthew,776
Michael,13
Brandon,988
Valerie,768
Gabriel,542
Charles,810
Katherine,147
Aaliyah,325
Gabriella,882
Mackenzie,227
Arianna,909
Harrison,597
Annabelle,557
Matthew,593
Mackenzie,147
Leonardo,697
Angelina,883
Brianna,718
Adriana,149
Samantha,480
Tristan,918
Catherine,367
Savannah,301
Brandon,241
Valeria,86
Emmanuel,991
Santiago,907
Victoria,662
Julianna,263
Nathaniel,532
Scarlett,262
Malachi,592
William,86
William,395
Matthew,632
Brantley,66
Gabrielle,247
Aaliyah,578
Jackson,75
Nicholas,760
Jessica,215
Emmanuel,485
Bradley,968
Valeria,904
Bradley,778
Matthew,534
Malachi,976
Nathaniel,943
Alejandro,908
Victoria,477
Madeline,834
Alexander,724
Makayla,108
Arianna,726
Julianna,440
Natalia,159
Kaitlyn,827
Scarlett,730
Giovanni,164
Rebecca,444
Maverick,266
Catherine,536
Maxwell,185
Savannah,389
Isabella,86
Matthew,989
Aaliyah,743
Adalynn,47
Tristan,698
Isabelle,24
Katherine,12
Savannah,749
Alejandro,864
Annabelle,794
Caroline,156
Patrick,467
Margaret,891
Natalie,809
Charlotte,354
Catherine,198
Gabriel,448
Margaret,953
Victoria,423
Samantha,943
Santiago,174
Maxwell,672
Eleanor,115
Jessica,367
Elizabeth,730
Brantley,94
Sebastian,26
Jeremiah,904
Arianna,882
Daniela,722
Natalia,510
Tristan,440
Malachi,176
Nicholas,949
Jeremiah,761
Vanessa,974
Charlotte,849
Zachary,888
Giovanni,526
Brianna,176
Jonathan,707
Cameron,698
Cecilia,722
Kaitlyn,578
Lillian,830
Jasmine,655
Vanessa,817
Juliana,678
Michael,250
Abigail,453
Caroline,79
Gabrielle,39
Julianna,580
William,437
Madelyn,289
Abraham,904
Charles,449
Adriana,387
Brandon,126
Brandon,655
Makayla,583
Julianna,84
Adalynn,846
Caroline,39
Bradley,461
Rebecca,215
William,944
Leilani,351
Benjamin,468
Samantha,418
Richard,136
Harmony,590
Catherine,576
Bradley,639
Madeline,76
Gabriel,19
Valerie,345
Malachi,196
Annabelle,482
Lillian,911
William,663
Charlotte,73
Annabelle,119
Madison,272
Brayden,862
Patrick,505
Maverick,491
Abigail,580
Tristan,278
Nathaniel,690
